Provider,Address,Latitude,Longitude
123 Medical Group,"18800 Amar Road, Suite C-12, Walnut, CA 91789",34.0279465,-117.8907313
5th Street Spine 5th Street Spine,"5901 N. 5th Street, Philadelphia, PA 19120",40.0411312,-75.1292378
"A. Shusterman, D.O","9525 Jamaica Avenue, Woodhaven, NY 11421",40.6946053,-73.8495172
AICA Orthopedics AICA Orthopedics,"PO Box 674508, Marietta, GA 30006",33.9,-84.47
AMDS Radiology - Access Medical Diagnostic Solutions,"2025 Richmond Ave, Ste 2, Staten Island, NY 10314",40.5982691,-74.1619401
AMPM Walk In Urgent Care,"300 Grand Ave, #103, Englewood, NJ 07631",40.88359108,-73.97812172
ATL GASTRO SURGICENTER LLC,"3205 FIRE ROAD, SUITE 3, EGG HARBOR TOWNSHIP, NJ 08234",39.3834888,-74.5742995
ATLANTIC DIAGNOSTIC IMAGING,"1801  New Road, Suite A, Linwood, NJ 08221",39.3396372,-74.5855559
ATLANTIC MEDICAL IMAGING,"485 Williamstown Road, Sicklerville, NJ 08081",39.7212107,-74.9662153
Aaron Burt,"5 Farmfield Lane, , Sicklerville, NJ 08081",39.7376404,-75.00702
"Abrams, Russell","Relievus, 1400 Route 70 West, Cherry Hill, NJ 08034",39.9111734,-74.9936222
Accurate Collection Services,"17 Prospect St., Morristown, NJ 07960",40.7999585,-74.4825652
Accurate Neuro-Monitoring,"700 US Rt 46, Kenvil, NJ 07847",40.8792579,-74.6290407
Acenda Integrated Health,"42 Delsea Drive South, , Glassboro, NJ 08028",39.6982666,-75.10406
Achebe George MD,"1846 Burlington-Mount Holly Rd, Mt Holly, NJ 08060",40.0089507,-74.7981659
Act On Total Health- Northfield,"521-523 Tilton Road, Northfield, NJ 08225",39.382935,-74.5565065
Adam  C. Nelson,"270 Broadway, , Long Branch, NJ 07740-7027",40.3038383,-73.9901447
"Advance Pain Consultants, P.A","326 North Route 73, Voorhees, NJ 08043",39.8515633,-74.9210102
Advanced Neck And Back,"227 Madison Avenue, Lumberton, NJ 08048",39.9836281,-74.7965337
Advanced Orthopaedics Center,"414 Tatum Street, , Woodbury, NJ 08096",39.8434223,-75.1522644
Advanced Orthopedic And Neurosurgery,"1200 US - 22, Suite #14, Bridgewater, NJ 08807",40.5770555,-74.5872433
Advanced Recovery Chiropractic Center,"411 E Wyoming Ave, 2nd Floor, Philadelphia, PA 19120",40.0209245,-75.1177518
Advanced Spine & Pain,"450 Garrisonville Rd, Ste 109, Stafford, VA 22554",38.4759636,-77.4302894
Advanced Spine and Pain / Relievus,"813 East Gate Drive, Suite B, Mt. Laurel, NJ 08054",39.9424453,-74.9524374
Advocare Berlin Medical Associates,"175 Cross Keys Road, Suite 300A, Berlin, NJ 08009",39.78468,-74.9483691
Advocare Kressville Pediatrics,"431 Sicklerville Road, Sicklerville, NJ 08081",39.7190212,-74.9740546
Advocare Moorestown,"285 South Church Street, Suite 1, Moorestown, NJ 08057",39.9583213,-74.9471939
Aissata Diawara MD,"1001 Route 73 North, Main Level, Marlton, NJ 08053",39.9123944,-74.942706
Akumin,"825 Town Center DR, Suite #100, Langhorne, PA 19047",40.1872873,-74.8810236
Alan Carr,"2007 North Black Horse Pike, , Williamstown, NJ 08094",39.7151011,-75.0193178
Alexander Salerno,"613 Park Ave, , East Orange, NJ 07017-1905",40.7721425,-74.2172447
"Alexander Vaccaro, MD","925 Chestnut Street, 5th Floor, Philadelphia, PA 19107",39.9502708,-75.1565811
All In One Care Chiro,"40 Union Avenue, Suite 401, Irvington, NJ 07111",40.7250658,-74.2298792
American Legion Ambulance Association-Elmer Station,"30 Broad Street, Elmer, NJ 08318",39.5925155,-75.1701996
American Red Cross,"700 Spring Garden St, , Philadelphia, PA 19123-3594",39.9597212,-75.1517093
Anchor Spine & Joint- Trinity/Odessa,"13543 State Road 54, Suite B, Odessa, FL 33556",28.1952378,-82.5914976
Anna Czarnota,"900 Centennial Blvd, Voorhees, NJ 08021",39.8661948,-74.9414274
Anthony L Parks,"5 Franklin Ave, Suite 502, Belleville, NJ 07109",40.7866169,-74.1755322
Argus Monitoring Associates,"309 Fellowship Road,, Suite 200, Mount Laurel, NJ 08054",39.944627,-74.952549
AtlantiCare Regional Medical Center,"1925 Pacific Ave, Atlantic City, NJ 08401",39.3583314,-74.4342891
AtlantiCare Urgent Care Berlin,"255 NJ-73, , Berlin Township, NJ 08091-2500",39.80828,-74.930404
Atlantic Medical Imaging,"44 East Jimmie Leeds Road, Suite 101, Galloway, NJ 08205",39.4723682,-74.5191377
Atlantic Medical Imaging,"2824 South Delsea Drive, Suite C1-A, Vineland, NJ 08360",39.4460699,-75.0424029
Atlantic Spine And Joint Pain Center,"654 W Cuthbert Blvd, Haddon Township, NJ 08108",39.9002632,-75.0630767
Atlas Chiropractic/Joint Chiropractic,"800 Cooper St, Suite 102, Camden, NJ 08102-1155",39.9455842,-75.1151893
Atlas Post Acute Care Of Woodbury (formally Springhill),"467 Cooper St, Woodbury, NJ 08096",39.8313285,-75.1425167
Autumn Lake Healthcare At Vineland,"1640 South Lincoln Ave, Vineland, NJ 08360",39.4608242,-74.9835339
Azka Rahman,"3401 N Broad st, Philadelphia, PA 19140",40.0051215,-75.1499736
Back2Health Chiropractic and Physical Therapy Center,"33-00 Broadway, Ste 209, Fair Lawn, NJ 07410",40.9246901,-74.1024781
Barron Emergency Physicians,"1140 route 72 W, Manahawkin, NJ 08050",39.6984957,-74.2653679
Barry Gleimer,"163 Hurffville-Crosskeys Road, Sewell, NJ 08080",39.7168495,-75.0347716
Bayhealth Hospital Sussex Campus,"Health Information Department, 100 Wellness Way, Milford, DE 19963",38.8863437,-75.3920758
Bellapianta Orthopaedics & Sports Medicine,"120 Valley Rd, STE. 100, Montclair, NJ 07042",40.8216405,-74.220552
Bergen Pain & Injury Center,"5600 John F. Kennedy Blvd, Suite 101, West New York, NJ 07093",40.7888756,-74.0230983
Bernadette  Alfred,"238 E Broadway, , Salem, NJ 08079-1108",39.5705855,-75.4644678
Beyond Balance & Rehabilitation,"777 S White Horse Pike Ste D3, Hammonton, NJ 08037-2023",39.627424,-74.7722457
Bidwell Chiropractic,"212 Route 38, Suite 100, Moorestown, NJ 08057",39.9533352,-74.9483399
Bon Secours Medical Group,"PO BOX 630801, Cincinnati, OH 45263-0801",39.11,-84.54
Bonita C. Warren,"2025 Waterbrook Court, , Grayson, GA 30017",33.8920343,-83.975687
Borough of Bellmawr EMS,"PO Box 467, Lumberton, NJ 08048",39.9592134,-74.8073996
Brain & spine Surgeons of NY,"4 Westchester Park Drive,, 4TH Floor, White Plains, NY 10604",41.022925,-73.72545
Bridgeport Pharmacy Services,"P.O. Box 712667, Salt Lake City, UT 84171",40.62,-111.81
Brightstar Chiropractic,"17551 North Dale Mabry Highway, Lutz, FL 33548",28.1240535,-82.5007608
Bromley Neurology,"739 South White Horse Pike, Suite 1, Audubon, NJ 08106",39.8873025,-75.0610759
Brown Chiropractic Group,"920 Hackney Ave, Washington, NC 27889",35.5561383,-77.0606512
Bruce Chiropractic,"114 W. Atlantic Avenue, Haddon Heights, NJ 08035",39.8831597,-75.0600934
Burlington Diagnostic Imaging,"2800 US 130 North, Suite 202, Cinnaminson, NJ 08077",40.0069364,-74.971426
Burris LeClere & Labhart Eye Center,"715 Main Street, Tell City, IN 47586",37.951269,-86.7700981
CBE Group Inc.,"P.O. Box 2217, Waterloo,, IA 50704",42.49,-92.34
CVS Mount Holly,"508 High Street, Mount Holly, NJ 08060",40.0045673,-74.7950997
Calzaretto Chiropractic Center,"401 Cooper Landing Rd, Ste C17, Cherry Hill, NJ 08002",39.923487,-75.0164405
Canj Anesthesia,"55 Meadowlands PKWY., Secaucus, NJ 07094",40.7918693,-74.0732735
Capital Health,"750 Brunswick Avenue, Trenton, NJ 08638",40.2359137,-74.7518116
Capital Health Emergency Medical Services,"2480 Pennington Road, Suite 105, Pennington, NJ 08534",40.3023059,-74.7825945
Carbon Health Urgent Care - Monroe,"298 Applegarth Road, #B, Monroe Township, NJ 08831",40.3129264,-74.4745749
Care Well Health Medical Center,"300 Central Avenue, East Orange, NJ 07018",40.7543402,-74.2135752
CareOne At Livingston (Rehab Center),"68 Passaic Ave, Livingston, NJ 07039",40.767274,-74.353982
Carisk Partners,"25A Hanover Road, Suite #201, Florham Park, NJ 07932",40.7902312,-74.3852642
Central Jersey Orthopedic & Neurodiagnostics,"4307 Westfield Avenue, Pennsauken, NJ 08110",39.9559559,-75.0700623
Central New Jersey Orthopedic & Neurodiagnostic,"PO Box 11706, New Brunswick, NJ 08906",40.4900502,-74.4500897
Centurion Anesthesia,"811 Wilson Street, Valley Stream, NY 11581",40.6428787,-73.7299661
Certified Solutions,"PO Box 1750, Whitehouse Station, NJ 08889",40.6169369,-74.7693136
Charles Krome,"24 MacArthur Blvd, Somers Point, NJ 08244",39.3120059,-74.6013386
Charmane  D Dixon-Murriell,"1404 Route 130 N, Ste K, Cinnaminson, NJ 08077",39.9988572,-74.9861178
Chatham Emergency Squad,"31 North Passaic Avenue, Chatham, NJ 07928",40.7417164,-74.3815995
Cherry Hill Spine Center,"1930 Rt. 70 E, D-21, Cherry Hill, NJ 08003",39.9029824,-74.9633424
Chilton Medical Center,"Health Information Management, 97 West Parkway, Pompton Plains, NJ 07444",40.9584113,-74.3093863
"Chirag S. Shah, MD (Ophthalmologist)","2999 Princeton Pike, Lawrenceville, NJ 08648",40.2806247,-74.7177493
Christine Leithead,"3120 Princeton Pike, Floor 2, Lawrenceville, NJ 08648",40.2827453,-74.7146072
Chronic Pain Consultants,"100 Brick Rd, Suite 206, Marlton, NJ 08053",39.8817471,-74.9203811
"Chronic Pain Solutions, LLC","879 Poole Ave, Hazlet, NJ 07730",40.4192166,-74.1773271
Cinnaminson Fire Department EMS,"692 Main Street,, P.O. Box 467, Lumberton, NJ 08048",39.9592134,-74.8073996
Cipriani Chiropractic,"111 Egg Harbor Road, Suite B, Sewell, NJ 08080",39.7817314,-75.1010669
CitiMed,"99-01 63rd Road, Rego Park, NY 11374",40.73284,-73.856834
City Of Bridgeton Fire Dept EMS,"PO Box 671, Pittstown, NJ 08867",40.5828697,-74.9584954
Clifton MRI,"PO Box 1818, Clifton, NJ 07015",40.8694666,-74.1513715
"Clifton Pain and Rehab Center, LLC","1131 Main  Avenue, Clifton, NJ 07011",40.8747273,-74.1393129
Coastal Diagnostic Imaging,"3606 Henderson Drive, Jacksonville, NC 28546",34.7924471,-77.4154628
Coastal Physicians & Surgeons,"110 Harbor Lane, Suite A, , Somers Point, NJ 08244",39.3155207,-74.591639
CommonWealth Radiology,"PO Box 15097, Fort Wayne, IN 46885",41.079273,-85.1393513
Community Medical Center,"99 Highway 37 West, Toms River, NJ 08755",39.9640085,-74.2159149
Comprehensive Cardiovascular Consultants,"700 Rahway Avenue, Union, NJ 07083",40.6958143,-74.2957945
Comprehensive Chiro Care NY P.C.,"PO Box 90537, Staten Island, NY 10309",40.5795317,-74.1502007
Comprehensive Pain Solutions,"2250 Chapel Ave W, Suite 230, Cherry Hill, NJ 08002",39.92917,-75.0156246
Comprehensive Pain Solutions,"P.O. Box 4160, Cherry Hill, NJ 08034",39.9021937,-74.9968543
Concentra Urgent Care,"4050 S 26th Street, Suite 140, Philadelphia, PA 19112",39.8994624,-75.1947488
Contemporary Diagnostic Imaging,"85 Franklin Avenue, Nutley, NJ 07110",40.8114419,-74.1653543
Cooper Bone & Join Institute Physical Therapy at Voorhees,"900 Centennial Blvd, Building 2, Suite 203, Voorhees Township, NJ 08043",39.8650275,-74.942345
Cooper Bone and Joint - Cherry Hill,"2339 Route 70 West, 2nd Floor, Cherry Hill, NJ 08002",39.925204,-75.0512021
Cooper Health Information Management,"Thomas Scott-SW@110H, 1 Federal Street, Suite 200, Camden, NJ 08103",39.9462416,-75.1272787
Cooper Neurology,"2339 Route 70 West, 4th Floor, Cherry Hill, NJ 08002",39.925204,-75.0512021
Cooper Oral Surgeons,"PO Box 6018, Bellmawr, NJ 08099",39.87,-75.1
Cooper PM&R Associates,"1935 Rt 70 E., , Cherry Hill, NJ 08003",39.9004698,-74.9619883
Cooper Pediatrics - Camden,"3 Cooper Plaza, Suite 200, Camden, NJ 08103",39.9411111,-75.1141409
Cooper Primary Care & Specialty at Moorestown,"110 Marter Ave, Building 500, Suite 503, Moorestown, NJ 08057",39.9709402,-74.9200666
Cooper Primary Care At Haddon Heights,"504 White Horse Pike, Haddon Heights, NJ 08035-1709",39.8778955,-75.0528097
Cooper Surgical Associates,"221 Victoria Street, Glassboro, NJ 08028",39.7044808,-75.1139549
Cooper University Health Care,"701 Route 73 North, Marlton,, NJ 08053",39.905011,-74.9378705
Cooper University Health Care,"1 Cooper Plaza, , Camden, NJ 08103",39.9410298,-75.1161353
Cooper University Internal,"390 N. Broadway, Suite 100, Pennsville, NJ 08070",39.6745042,-75.4973015
Cooper University Physicians,"430 Broadway, , Gloucester City, NJ 08030",39.8879324,-75.1201037
Coronis Anesthesia/ARMC Anethesia,"5963 Exchange Drive, Ste. 114, Sykesville, MD 21784",39.4151091,-76.9783823
Coyle S. Connolly DO,"200 Route 73, Suite B, Voorhees, NJ 08043",39.8427238,-74.9234192
Craig H. Rosen M.D. PA. Orthopedic  Surgery,"9 Eves Drive, Suite 165, Marlton, NJ 08053",39.9116997,-74.9317219
Crozer-Chester Medical Center - Emergency Department,"1 Medical Center Blvd, Ground Floor, UPPR CHICHSTR, PA 19013",39.857,-75.3677167
Cynthia Boyer PHD,"140 E RIDGEWOOD AVE STE 415 OFC 456, PARAMUS, NJ 07652-3915",40.9646001,-74.0688413
DJO,"PO BOX 660852, DALLAS, TX 75266",32.78,-96.8
DR. MARCIA  GINA  CASTRO,"2055 Limestone Rd, , Wilmington, DE 19808-5536",39.7233444,-75.6570184
Damon D. Cary,"305 N Union St, Wilmington, DE 19805",39.7490745,-75.5733826
Daniel Fletcher,"1079 Whitehorse-Mercerville Road,, Hamilton, NJ 08619",40.2060639,-74.6928236
Daniel J. Fuchs MD,"2400 Maryland Road, Suite 20, Willow Grove, PA 19090",40.1599987,-75.1335155
Daniel Lynch,"Virtua Primary Care, 1473 E.  3rd Street  Suite 2, Moorestown, NJ ",39.9690504,-74.9415565
"David B Gealt, DO","900 Centennial Blvd, Building 2, Suite #203, Voorhees Township, NJ 08043",39.8650275,-74.942345
Dawn  Holder,"390 North Broadway Suite 200, Pennsville, NJ 08070",39.6744898,-75.4974108
DeRosa Physical Therapy,"1999 New Road, Linwood, NJ 08221",39.3379398,-74.5870131
Dedicated  Senior,"5156 E. Main Street, Columbus, OH 43213",39.9557161,-82.8628004
Delaware Valley Medical Wellness,"1530 Woodbourne Rd, , Levittown, PA 19057-1532",40.1620901,-74.8717702
Delran Emergency Squad,"20 E. Taunton Road, Suite 500, Berlin, NJ 08009",39.7717851,-74.9176346
Demoulin Chiropractic,"52 Tuckahoe Road, Marmora, NJ 08223",39.2637655,-74.6524052
Dmx Of NJ/Closed,"2070 Springdale Road, Suite 200, Cherry Hill, NJ 08003",39.916985,-74.9655363
Donna  M  Koch,"297 Passaic St, , Garfield, NJ 07026-1319",40.8704545,-74.0966327
Doylestown Hospital,"595 West State Street, Doylestown, PA 18901",40.3056669,-75.1463292
Dr Charles Nicholai,"160 Broadway, 16th Fl, New York, NY 10038",40.7093571,-74.0100041
Dr Dominic Mariani,"4307 Westfield Ave, Pennsauken, NJ 08110",39.9559559,-75.0700623
Dr Silvio A. Quaglia MD,"25 E Willow St, , Millburn, NJ 07041",40.7171571,-74.3055421
Dr Sumit Katyal,"8390 Lyndon B Johnson Fwy, Suite 1000B, Dallas, TX 75243",32.9228407,-96.7581817
Dr. Alan Hilibrand,"999 Route 73 North, Suite 401, Marlton, NJ 080533",39.9078517,-74.9405343
Dr. Alexander Shick,"247 3rd Ave, New York, NY 10010",40.7370358,-73.9841889
Dr. Aron Rovner,"585 Stewart Ave, 412, Westbury, NY 11590",40.7327759,-73.6123528
Dr. Arthur M. Cohen DC,"2 East Pacific Avenue, Pleasantville, NJ 08232",39.0302138,-74.9339903
Dr. Arvind Baliga - Somers Point,"Shore Orthopaedic University Associates, 24 MacArthur Boulevard, Somers Point, NJ 08244",39.3119982,-74.6011818
Dr. Bahareh Rezazadeh,"9101 N Central Expy, Ste 300, Dallas, TX 75231",32.8724196,-96.7712938
Dr. Brandon Bird,"1307 White Horse Road, Building B, Suite #200, Voorhees, NJ 08043",39.8560639,-74.9786395
Dr. Brian C. Carty,"3111 Telegraph Corner Ln, Alexandria, Va 22310",38.7926668,-77.0846638
Dr. Chioma Obiukwu,"39 N. Clinton Avenue, Trenton, NJ 08609",40.2223664,-74.7552403
Dr. Christi Gill,"504 White Horse Pike, , Haddon Heights, NJ 08035-1709",39.8778955,-75.0528097
Dr. Christopher Taylor Chiropractic & Wellness Center,"1308 Route 38 East, Hainesport, NJ 08036",39.9729041,-74.8453514
Dr. Colin A. Campbell D.O.,"299 NJ-73, , Berlin Township, NJ 08091-3702",39.8091145,-74.9303475
Dr. Craig C. Callewart,"9101 N Central Expy, Ste 360, Dallas, TX 75225",32.8724207,-96.7712812
Dr. Daniel Krampitz - Neurology Consultants of Dallas,"8390 Lyndon B Johnson Fwy, Ste 1000, Dallas, TX 75243",32.9228407,-96.7581817
Dr. Daniel P. Feghhi,"433 Hackensack Avenue, Hackensack, NJ 07601",40.9098957,-74.0340755
Dr. David Adin DO,"South Jersey Medical Center, 1401 Marlton Pike East, Suite #14, Cherry Hill, NJ 08034",39.9103243,-74.9930069
Dr. David Anapolle,"408 Bethel Road, Building E, Somers Point, NJ 08244",39.3226912,-74.5932679
Dr. David L. Weiss,"201 Woolston Dr, , Morrisville, PA 19067",40.1950193,-74.8172861
Dr. Eileen R. Manabat,"400 Laurel Oak Road, Suite 102, Voorhees, NJ 08043",39.8474054,-74.9868248
"Dr. Ellery Panaia, III D.C.","1299 Brace Road, Cherry Hill, NJ 08034",39.8973565,-75.0150241
Dr. Erica  L.  Sturdivant,"30 Lawrence Rd, , Broomall, PA 19008-3301",39.9753615,-75.3394549
Dr. Francis Kralick,"649 Shore Rd, Somers Point, NJ 08244",39.3152806,-74.5951368
Dr. Gilbert Smith,"485 Williamstown Rd., Sicklerville, NJ 08081",39.7212107,-74.9662153
Dr. Giovanni Ramundo,"187 Millburn Ave, Suite 103, Millburn, NJ 07041",40.723103,-74.2966752
Dr. Gregory McClure,"327 Haddon Ave, Haddon Ave, NJ 08108",39.9071704,-75.0443446
Dr. Gregory McClure,"10 East New York Ave, Suite 4, Somers Point, NJ 08244",39.3143767,-74.5947074
Dr. Gregory Pharo,"3 Executive Campus, Suite 305, Cherry Hill, NJ 08002",39.9312893,-75.0511737
Dr. Howard Bresalier,"239 Hurfville-Crosskeys Road, Suite 265, Sewell, NJ 08080-4001",39.7224812,-75.0426701
Dr. Ilana Etelzon,"35 West End Ave, Brooklyn, NY 11235",40.5814315,-73.9535161
"Dr. Jack F. Quinlan, MD","3400 Civic Center Boulevard, South Pavilion 4th Floor, Philadelphia, PA 19104",39.947556,-75.1932573
Dr. Jaimee Kukla,"2 Princess Road, Ste A, Lawrenceville, NJ 08648",40.284042,-74.7120548
Dr. James G. Lowe,"1999 New Road, Suite B, Linwood, NJ 08221",39.337921,-74.5869633
Dr. Jared Mannello,"450 Bay Ave, Somers Point, NJ 08244",39.3181732,-74.5875057
Dr. Jason W. Siefferman,"2 Fifth Ave, Ste 7, New York, NY 10011",40.7319226,-73.9968197
Dr. Jeffery Polcer,"510 East Landis Avenue, Vineland, NJ 08361",39.4864412,-75.025008
Dr. Jennifer Yanow,"11 Monroe Street, Bridgewater, NJ 08807",40.5713446,-74.5928718
Dr. John G. McHenry,"8700 King George, Dallas, TX 75235",32.8349092,-96.8711066
Dr. John P. Salvo Jr.,"999 Route 73 North, Marlton, NJ 08053",39.9078639,-74.9405141
Dr. Jorge E. Alvarez,"Two Capital Way, Suite 456, Pennington, NJ 08534",40.2938596,-74.8067718
Dr. Karan Johar,"993 Park Avenue, New York, NY 10028",40.7784609,-73.9581618
Dr. Kathryn Trow,"1006 Mantua Pike, Woodbury, NJ 08097",39.8114275,-75.1641637
Dr. Laura Ross,"300 Creek Crossing Blvd., Suite 307, Hainesport, NJ 08037",39.9752868,-74.8479521
Dr. Lawrence I. Barr,"238 W. Landis Ave, (Panaia Chiropractic), Vineland, NJ 08360",39.4867056,-75.0310957
Dr. Mamatha  Mohan,"135 Bloomfield Ave, , Bloomfield, NJ 07003",40.7786378,-74.1880605
Dr. Manal Mena,", , Camden, NJ ",39.9425241,-75.1164689
Dr. Maria Carta M.D.,"663 South White Horse Pike, Integrative Neurological Care, Hammonton, NJ 08037",39.62928,-74.7716293
Dr. McGrath,"3900 Church Road, Mount Laurel, NJ 08054",39.9263317,-74.9650664
Dr. Michael E Casser,"200 Engle St, Ste 26, Englewood, Nj 07631",40.8995828,-73.9702063
Dr. Michael Meese,"17 Elm Avenue, Hackensack, NJ 07601",40.901888,-74.0425445
Dr. Michael Paul,"South Jersey Rehab & Spine, 6712 Washington Avenue, Suite 203, Egg Harbor Township, NJ 08234",39.4072104,-74.5620076
Dr. Michael Paul,"249 Hurffville Crosskeys Rad, Sewell, NJ 08080",39.7231009,-75.0460653
Dr. Miguel Coba,"24 Bradley Ave, Staten Island, NY 10314",40.6116891,-74.1326059
Dr. Orin Atlas,"201 Creek Crossing Blvd, , Hainesport, NJ 08036",39.9748157,-74.8472244
Dr. Pasupuleti,"1245 Whitehorse Mercerville Road, Suite 415, Hamilton, NJ 08619",40.2107122,-74.6916099
Dr. Perry Barr,"15 Black Horse Pike, , Haddon Heights, NJ 08035",39.8795345,-75.0852335
Dr. Pries,"739 South White Horse Pike, Audubon, NJ 08106",39.8872837,-75.0610681
Dr. Ralph Cataldo,"810 Delsea Drive, Franklinville, NJ 08322",39.5784228,-75.0476552
Dr. Robert Falconiero,"1004 Haddonfield Road, Cherry Hill, NJ 08002",39.9232247,-75.0327221
Dr. Ryan Wille,"1 Pine Tree Lane, , Jobstown, NJ 08041",40.021383,-74.7246623
Dr. Salvatore R. Santangelo,"P.O. Box 1493, , Toms River, NJ 08754",39.9529325,-74.2008626
Dr. Shelly Rishty,"Medico-Legal Evaluations, 181 Franklin Avenue, Suite 305, Nutley, NJ 07110",40.8180341,-74.1605696
Dr. Stephen Silver,"30 Prospect Ave, Hackensack, NJ 07601-8566",40.8838604,-74.0563984
Dr. Steven Alberti,"1937 Haddonfield-Berlin Road, , Cherry Hill, NJ 08003",39.8632093,-74.9920673
Dr. Sylvia Bidwell,"212 NJ-38 #100, Moorestown, NJ 08057, #100, Moorestown, NJ 08057",39.9533352,-74.9483399
Dr. Tariq S. Siddiqi,"900 Sheppard Road, Voorhees, NJ 08043",39.8613105,-74.9503644
Dr. Timothy Pinsky,"102 Heritage Valley Drive, Suite C, Sewell, NJ 08080",39.7484052,-75.081902
Dr. Vikram  Gupta,"246 Clifton Ave, , Clifton, NJ 07011-1900",40.8762879,-74.1354225
Dr. William Mitchell,"1000 Madison Ave, Norristown, PA 19403",40.1204874,-75.413276
EMS Bridgeton,"181 EAST COMMERCE STREET, BRIDGETON, NJ 08302",39.4290356,-75.2309964
EMS Salem County Department Of Emergency Services,"90 N Broadway, Pennsville, NJ 08070",39.6688125,-75.50589
East River Medical Imaging PC,"519/523 East 72nd Street, New York, NY 10021",40.7667169,-73.9527351
Eastern Neurodiagnostic Associates,"2301 E Evesham Rd, Pavilion 800, Suite #209, Voorhees, NJ 08043",39.8612115,-74.9607879
Eastside Health Center Imaging Services,"4882 E. Main Street, Columbus, OH 43213",39.9555791,-82.8683528
Edison Medical Imaging,"1907 Oak Tree Road, Suite 101, Edison, NJ 08820",40.5727707,-74.3616725
"Edward B. Kristiliof, MD","1130 US 1, Edison, NJ 08805",40.5200231,-74.3639958
Elite Neurospine,"50 Rose Place, New Hyde, NY 11040",40.7384511,-73.653529
Elite Specialty Care,"855 Valley Road, Clifton, Nj 07013",40.8717647,-74.1882867
Elite Specialty Care PC,"PO Box 825417, Philadelphia, PA 19182",39.95,-75.16
Emergency Physicians Associates of SJ/Team Health,"101 CARNIE BLVD, VOORHEES, NJ 08043",39.861575,-74.958465
Empire Chiropractic Center,"230 Neptune Blvd., Neptune, NJ 07753",40.2141493,-74.0350094
Empire State Ambulatory Surgery Center,"3170 Webster Ave, Bronx, NY 10467",40.8726353,-73.8748472
Englewood Hospital and Medical Center,"350 Engle St, , Englewood, NJ 07631",40.9042209,-73.9686379
Erin E. Ingala,"1865 Route 70 East, Cherry Hill, NJ 08003",39.903495,-74.9722022
Ethos Health Group,"1541 SE 17th Street, Ocala, FL 34471",29.1719736,-82.1168228
Ewing Township EMS,"1666 Pennington Road, Ewing, NJ 08618",40.2574614,-74.7784166
Excel Therapy,"21 S. Hope Chapel Road, Jackson, NJ 08527",40.0819072,-74.2657081
ExcelCare at Egg Harbor (Nursing Home),"6818 Delilah Road, Egg Harbor, NJ 08234",39.4131701,-74.5293329
"Excelcare Alliance, Allied Physicians of South Jersey","1206 W Sherman Ave, Bldg. 1A, Vineland, NJ 08360",39.4471176,-75.0536087
Exceptional Medical Transportation,"5179 Route 9, Howell Township, NJ 07731",40.1280112,-74.222102
Eye Professionals,"1775 Kuser Rd, Hamilton Township, NJ 08690",40.205489,-74.6902722
First Care Chiropractic,"511 New Brunswick Avenue, Perth Amboy, NJ 08861",40.5183913,-74.2810924
First Choice  PT,"557 Cranbury Rd, Ste 19, East Brunswick, NJ 08816",40.4137826,-74.416751
First State Orthopaedics,"211 Executive Drive, Suite 11, Newark, DE 19702",39.6143577,-75.7476049
Flemington IONM LLC/Elite NeuroSpine,"50 Rose Place, New Hyde Park, NY 11040",40.7384511,-73.653529
Fort Lee Ambulance Corps,"P.O. Box 1148, Fort Lee, NJ 07024",40.8562383,-73.9653715
Franklin Pharmacy Rx,"98 N Franklin St,, Hempstead, NY 11550",40.7090957,-73.6273362
Freedom Chiropractic,"4516 Church Rd, Mount Laurel, NJ 08054",39.9171031,-74.9280935
"Fusion Healthcare Solutions, LLC","30 S Valley Rd Ste 209, Paoli, PA 13301",40.040856,-75.484406
Garden State Orthopaedics,"1030 Kings Highway North, Suite 200, Cherry Hill, NJ 08034",39.9231485,-75.0023957
Garden State Physican Associate,"5700 Southwyck Blvd, Toledo, OH 43614-1509",41.6052198,-83.6704061
Genesis Healthcare at Court House,"144 Magnolia Dr, , Middle Township, NJ 08210-2141",39.0876853,-74.8209364
Glasgow Spine & Wellness,"179 West Chestnut Hill Road, Suite 1, Newark, DE 19713",39.6535959,-75.7536381
Glassboro Chiropractic Center,"405 N. Main St, Glassboro, NJ 08028",39.7125678,-75.1121641
Glenda Solano,"1161 Route 50, Suite L, Mays Landing, NJ 0830-2158",39.4615182,-74.722962
Global Supply & Tech,"PO Box 826096, Philadelphia, PA 19182",39.95,-75.16
Gloucester County EMS,"1200 N. Delsea Drive, Clayton, NJ 08312",39.67673,-75.0996271
Gloucester County VA Clinic,"Sewell, NJ ",39.7662167,-75.1441926
"Goeffrey Ellington, D.C.","390 North Broadway, Ste #300, Pennsville, NJ 08070",39.6745201,-75.4973422
GreenHill Senior Living & Rehabilitation,"103 Pleasant Valley Way, West Orange, NJ 07052",40.821461,-74.2549803
H-Wave,"5702 Bolsa Ave, , Huntington Beach, CA 92649",33.7438829,-118.0293317
HCA Florida Riverview Emergency,"12530 US-301, Riverview, FL 33578",27.81148,-82.3322285
HEMA- Health East Medical Alliance,"54 S Dean Street, Englewood, NJ 07631",40.8920218,-73.9757026
Hackensack Meridian Health Palisades Medical Center,"P.O. Box 8505, Coral Springs, FL 33075",26.2711244,-80.2518323
Hackensack Meridian JFK Johnson Rehabilitation Institute,"65 James St, Edison, NJ 08820",40.5561118,-74.3510794
Hackensack Radiology Center LLC,"155 State St, Hackensack, NJ 007601",40.8833302,-74.0454925
Hamilton Surgery Center,"1445 Whitehorse-Mercerville Road, Suite 101, Hamilton, NJ 08619",40.2141964,-74.6900829
Harmony Bay Wellness,"205 Rockingham Row, Princeton, NJ 08540",40.3550967,-74.6132792
Haun Chiropractic,"2105 E Center St, Kingsport, TN 37664",36.5368248,-82.5232891
Health Chiro Rehab,"425 Main Street, 2nd Floor, Orange, NJ 07050",40.7740261,-74.2336155
HealthBridge Chiropractic,"451 W. Linden St., Allentown, PA 18102",40.6050124,-75.4679125
Henry J. Austin Health Center,"112 Ewing Street, Trenton, NJ 08609",40.2247231,-74.7564437
Hess Spine & Orthopedics,"777 Passaic Ave, #575, Clifton, NJ 07012",40.8356892,-74.1466589
Hoffman William,"2500 English Creek Ave, Building 1300, Egg Harbor Township, NJ 08234",39.4360663,-74.6042018
Howell Township Police Emergency Medical Services,"300 Old Tavern Road, Howell, NJ 07731",40.1723146,-74.1778216
Hudson Pro Orthopaedics,"1320 Adams St, Ste DE, Hoboken, NJ 07030-2370",40.7540816,-74.0330412
Hudson Regional Hospital,"55 Meadowlands Pkwy, Secaucus, NJ 07094-2977",40.7918693,-74.0732735
IC Laser Eye Care,"3046 Knights Rd, Bensalem, PA 19020",40.1056707,-74.9503108
Inspira Elmer,"501 West Front Street, Elmer, NJ 08318",39.5877011,-75.1806211
Inspira Family Care in Mullica Hill,"155 Bridgton Pike, Suite A, Mullica Hill, NJ 08062",39.7227474,-75.2164068
Inspira Health,"3722 E. Landis Ave, Vineland, NJ 08361",39.4838907,-74.9555187
Inspira Health Center Bridgeton,"333 Irving Avenue, Bridgeton, NJ 08032",39.4364768,-75.2196463
Inspira Medical Center Woodbury,"509 N. Broad Street, Woodbury, NJ 08096",39.8439573,-75.1499637
Integrated Pain Management Of NY,"305 7th Ae., 13C, new York, NY 10001",40.7466478,-73.993356
Integrated Surgical Institute,"1001 James Drive, Leesport, PA 19533",40.3923924,-75.9964229
Interventional Orthopedics Of Washington,"1515 116th Ave NE #202, Bellevue, WA 98004",47.6239847,-122.1865352
Interventional Pain Management,"18 Centre Drive, Ste 104, Monroe Twp., NJ 08831",40.3378695,-74.46218
Island Physical Therapy Rehab,"24 4 Bradley Ave, Staten Island, NY 10314",40.6131135,-74.1324461
Ivy Rehab Physical Therapy,"800 Denow Rd #U, Pennington, NJ 08534",40.3012611,-74.7822753
JAG Physical Therapy,"319 W Landis Ave, Vineland, NJ 08360",39.4859208,-75.0297635
Jacqueline Riedd,"1605 East Evesham Road, Suite 100, Voorhees, NJ 08043",39.8601446,-74.9768364
Jag One Physical,"24 sawmill river Rd. Ste 204, Ste 204, Hawthorne, NY 10532, NY 10532",41.0918376,-73.8166861
Jeanes Radiology Assoc.,"1619 Grant Ave, Philadelphia, PA 19115",40.0880687,-75.0377166
Jefferson Cherry Hill Hospital - Health Information Management,"2201 Chapel Avenue West, Cherry Hill, NJ 08002",39.9273224,-75.0165764
Jefferson Health,"101 E. Olney Avenue, Suite 301, Philadelphia, PA 19102",40.0364168,-75.1206744
Jefferson Health Methodist - Request Office,"2301 South Broad Street, Philadelphia, PA 19148",39.9214696,-75.1695927
Jefferson Outpatient Imaging,"850 Walnut Street, Ground Floor, Philadelphia, PA 19107",39.9479859,-75.1553942
Jefferson Stratford Hospital,"18 E Laurel Rd, , Stratford, NJ 08084-1327",39.8244786,-75.010357
Jefferson Torresdale Hospital,"10800 Knights Road, Philadelphia, PA 1911",40.0915952,-74.9686761
Jefferson Washington Township Hospital,"435 Hurffville - Cross Keys Rd, , Washington Township, NJ 08080-9369",39.7354667,-75.0653126
Jefferson Washington Township Hospital Radiology,"435 Hurffville - Cross Keys Rd, Sewell, NJ 08080",39.7354667,-75.0653126
Jeffrey Petersohn- MD,"199 New Road, Central Square, Suite 62-63, Lindwood, NJ 08221",39.3606202,-74.5684409
Jeremy Simon,"300 West Route 38 -A, Moorestown, NJ 08057",39.9502935,-74.9534407
Jersey Advanced MRI & Diagnostic Center,"1 Kathleen Drive, Jackson, NJ 08527",40.1274184,-74.2684398
Jessica Griffin RD,"3400 Civic Center Blvd, 4th Floor, Philadelphia, PA 19104",39.9476279,-75.192598
"John Marani , DO","570 Egg Harbor Road, C-4, Sewell, NJ 08080",39.7347019,-75.0624836
Joseph Bagnick MD,"65 Butler Avenue, Suite 201, New Britain, PA 18901",40.3010635,-75.1819458
"Joseph D. Salamone DC, DAAPM, FRCCM","22 Carlos Drive, Fairfield, NJ 07004",40.8840184,-74.2648356
Joseph Gorman,"212 NJ-38, Suite 200, Moorestown, NJ 08057",39.9536291,-74.9476719
"Joseph J. DeVenuto Jr., MD","1700 White Horse, Hamilton, NJ 08690",40.2150909,-74.6777785
KINGS ANESTHESIA,"P.O. Box 347, Oradell, NJ 07649",40.9528921,-74.0388252
Kayla Blaker,"4500-10 Frankford Ave, Philadelphia, PA 19124",40.0141712,-75.0863303
Kolb 3T MRI & Radiology,"237 East 149th Street, New York, NY 10451",40.8179269,-73.9239574
LVPG Pain Specialists,"1250 S Cedar Crest Blvd,, Allentown,, P 18103",40.5665683,-75.5197445
Lanisha Green,"3804 Henry Court, Acworth, GA 30101",34.0673657,-84.6606563
Larchmont Medical Imaging - Moorestown (now SJ Radiology),"401 Young Ave, #185, Moorestown, NJ 08057",39.9711315,-74.9152014
Loretta Mueller,"2339 Rte 70 W,, 4TH FLOOR, SUITE 400, Cherry Hill, NJ 08002",39.9252034,-75.0512021
Lourdes Echevarria-Garcia,"2414 Arnold Street, , Camden, NJ 08104",39.9134539,-75.1056878
Lourdes Imaging Associates PA,"231 Van Sciver Pkwy, Willingboro, NJ 08046",40.0427337,-74.8790414
Mainland Pain Management Associates,"1201 New Road, Suite 112, Linwood, NJ 08221",39.3479831,-74.5803245
Manalapan Surgery Center,"50 Franklin Ln, Ste 101, Manalapan, NJ 07726",40.3126749,-74.3024347
Maria Carta,"523 Fellowship Road, Suite 275, Mount Laurel, NJ 08054",39.9353602,-74.9602239
Mark R. Zablow,"280 South Harrison Street, Ste 401, East Orange, NJ 07018",40.7597596,-74.2274452
McDonald's,"2720 Mt Ephraim Ave, , Camden, NJ 08104-3212",39.9106093,-75.0980937
Medstar Health,"12825 Minnieville Road, Suite 203, Woodbridge, VA 22192",38.6728846,-77.2778975
Megan Anne  Boyce,"Penn Medicine, 1020 Laurel Oak Road, Voorhees, NJ 08043",39.846019,-74.9743023
Mehling Orthopedics,"214 State Street Suite 101, Hackensack, NJ 07601",40.8851139,-74.0436738
"Melanie Powell, DO","3242 Route 206,, Building A, Bordentown, NJ 08505",40.0974167,-74.7107531
Mercy Fitzgerald Outpatient Physical Therapy And Rehab,"Sr. Marie Lenahan Wellness Center, 1503 Lansdowne Ave, Darby, PA 19023",39.9279885,-75.2679133
Methodist Associates in Healthcare - Jefferson Stradford Hospital,"P.O. Box 828937, Philadelphia, PA 19182",39.95,-75.16
Michael Barrett,"2090 Springdale Rd, Suite C, Cherry Hill, NJ 08003",39.9183542,-74.9651688
"Michael E. Casser, M.D.","200 Englestreet, Suite 26, Englewood, NJ 07631",40.8995828,-73.9702063
Michael Falcone MD,"373 South White Horse Pike, Hammonton, NJ 08037",39.6375679,-74.7761768
Michael Natale LLC,"111 Chestnut Street, Unit 106, Cherry Hill, NJ 08002",39.9384638,-75.0137358
Michael Weston,"1 Federal Street, Suite 200, Camden, NJ 08103",39.9462416,-75.1272787
MidJersey Orthopaedics,"1 Hawk Point Blvd., Suite D, Washington, NJ 07882",40.7362316,-74.9749817
Middle Township EMS,"P.O. Box 331, Cape May Court House, NJ 08210",39.0826135,-74.8237786
Millennium Surgical Center,"2090 Springdale Rd, Suite A, Cherry Hill, NJ 08003",39.9181618,-74.9650087
Mitchell,"851 Route 73 North, Suite D, Marlton, NJ 08053",39.9060032,-74.9389441
Modern Migraine MD,"363 7th Ave., 18th Floor, New York, NY 10001",40.7484743,-73.9920519
Mohammad R. Abdeljawad,"301 N Church St, Ste 101, Moorestown, NJ 08057-2498",39.9645086,-74.9523217
"Monica Maher, LSW","33 Grant Street, Mount Holly, NJ 08060",39.9967111,-74.7908059
Moorestown EMS,"261 West Main Street, Moorestown, NJ 08057",39.961477,-74.9529776
Mount Sinai Union Square Radiology,"First Avenue at 16th Street, New York, NY 10003",40.7326844,-73.981623
Mountain Surgery Center,"375 Mount Pleasant Avenue, Suite 210, West Orange, NJ 07052",40.7908339,-74.2594406
Mountainside Skilled Nursing & Rehab,"1180 US-22, Mountainside, NJ 07092",40.6797458,-74.3454586
Mt Laurel Township EMS,"201 Masonville Road, Mount Laurel, NJ 08054",39.9784457,-74.8701653
NJ Institute For Spine And Joint Pain,"181 Franklin Avenue, Suite 305, Nutley, NJ 07110",40.8180341,-74.1605696
NJ Retina,"140 Franklin Corner Road, Lawrenceville, NJ 08648",40.2790981,-74.7137989
NJIN Haddon Heights,"17 White Horse Pike, Suite 9, Haddon Heights, NJ 08035",39.8862073,-75.0587737
NY Chiro Family Care/Mandarino Chiro,"2052 Richmond Rd, Staten Island, NY 10306",40.5819018,-74.1101859
NY Pain and Spine,"200 South Broadway, Suite 205, Tarrytown, NY 10591",41.0693649,-73.8610893
NY Prebyterian Lower Manhattan,"170 William St, , New York, NY 10038-2612",40.7103975,-74.0050704
NYU Langone Health,"One Park Ave, 3rd Fl, New York, NY 10016",40.7459302,-73.9814625
NYU Langone Radiology,"348 13th St., #101, Brooklyn, NY 11215",40.6650624,-73.985149
Nathan D Bodin MD,"200 Bowman Drive, Suite 140, Voorhees, NJ 08043",39.8426668,-74.9275257
Neshaminy Pain Management,"600 Louis Drive, Suite 202, Warminster, PA 18974",40.2008109,-75.0873274
Neurodiagnostic Medical P.C.,"2356 University Ave, Suite 1A, Bronx, NY 10468",40.86217,-73.9050102
Neurological Institute Of NJ,"90 Bergen Street, Suite 8100, Newark, NJ 07103",40.7415517,-74.19137
Neurophysiology Associates,"525 RT 70, FL 3, Brick, NJ 08723",40.0563717,-74.1521063
Neurospine Plus LLC,"37 W Century Rd, Paramus, NJ 07652",40.9311277,-74.0738757
New Brunswick Anesthesia Associates,"PO Box 411293, Boston, MA 02241",42.36,-71.06
New Horizon Surgical Center,"680 Broadway, Suite 201, Paterson, NJ 07514",40.917751,-74.1443982
New Jersey Imaging Network Menlo Park,"10 Parsonage Road, Suite 105, Edison, NJ 08837",40.5466946,-74.3314415
New Jersey Institute for Pain Relief,"401 NJ-70, Suite 208, Cherry Hill, NJ 08034",39.911731,-75.0018755
New Jersey Neck and Back Institute P.C.,"3131 Princeton Pike, Bldg 6, Ste 106, Lawrence Township, NJ 08648",40.2845928,-74.7184601
New Jersey Orthopaedic Institute,"504 Valley Road, Suite 200, Wayne, NJ 07470",40.9295135,-74.2271088
Newark Beth Israel Medical Center,"PO Box 903, Oceanport, NJ 07757",40.3179397,-74.0123851
Newark Rehabilitation Center,"638 Mt Prospect Ave, Newark, NJ 07104",40.77402,-74.1670797
North American Spine & Pain,"404 Creek Crossing Blvd, Hainesport, NJ 08036",39.9751321,-74.8487777
North American Spine And Pain Institute,"55 Meadowlands Pwy, Secaucus, NJ 07094",40.7918693,-74.0732735
North Cape Center  Genesis Health Care,"700 Town Bank Rd, North Cape May, NJ 08204",38.9770844,-74.9400897
Nova Care - Lumberton,"1561 Route 38 West, Suite 5, Lumberton, NJ 08048",39.9832524,-74.8003007
NovaCare,"511 N Broad St, Philadelphia, PA 19123",39.9619695,-75.1612528
Novacare Rehabilitation,"542 Berlin-Cross Keys Rd, Suite 1, Sicklerville, NJ 08081",39.741015,-74.9976205
Oakland Spine & Rehab,"1255 Hamburg Turnpike, Wayne, NJ 07470",40.9606302,-74.2460825
"Ocean Orthopedic Associates, PA","530 Lakehurst Road, Suite 101, Toms River, NJ 08755",39.9658158,-74.2249019
Octavia Pickett-Blakely MD,"3400 Civic Center Blvd, 4th Floor, Philadelphia, NJ 19104",39.9476279,-75.192598
Open MRI of Bala Cynwyd,"301 E City Avenue, Suite G1, Bala Cynwyd, PA 19004",40.0057536,-75.2183152
Ossining Chiropractic,"71 Croton Ave, Ossining, NY 10562",41.16505,-73.8586794
PA Pain Specialists,"163 North Commerce Way, Bethlehem, PA 18017",40.6812811,-75.3769063
PACE Orthopedics,"547 New Road, Somers Point, NJ 08244",39.3232779,-74.6017188
PMR Medical PC PMR Medical PC,"PO Box 21735, New York, NY 10087-1735",40.75,-73.99
Pain Management Services,"110 Chestnut Ridge Road, Unit 165, Montvale, NJ 07645",41.0568309,-74.0684397
Pain Physicians NY,"2277-83 Coney Island Ave, Ste#2A, Brooklyn, NY 11223",40.6016195,-73.9611126
Paincare/Jeff Petersohn MD,"199 New Rd Suite 62/63, Linwood, NJ 08221",39.3606202,-74.5684409
Painless Center - Jason Chiu,"2 Dean Drive, Unit 1N, Tenafly, NJ 07670",40.9115567,-73.9674377
Panaia Chiropractic & Rehabilitation - Vineland,"242 W Landis Ave, Vineland, NJ 08360",39.4867044,-75.0310643
Patient First  Sicklerville,"606 Berlin - Cross Keys Rd, , Winslow Township, NJ 08081-9513",39.7523996,-74.9851513
Patient First - Woodbury,"630 Mantua Pike, Deptford, NJ 08096",39.8265956,-75.1591926
"Patrick Kane, MD","207 Court House South Dennis Rd, Cape May Court House, NJ 08210",39.0953786,-74.8194804
Paul Chirichella,"2 University Plaza, Hackensack, NJ 07601",40.8980095,-74.0345032
Paul W. Codjoe MD,"2501 Kuser Rd, Hamilton Township, NJ 08691",40.203733,-74.6611769
Penn Medicine Plainsboro,"1 Plainsboro Rd, , Plainsboro Township, NJ 08536-1913",40.3405257,-74.6246046
Pennsauken Diagnostic Center,"1245 Whitehouse-Mercerville Road, Suite 403, Hamilton, NJ 08619",40.2104793,-74.6920006
Pennsauken Emergency Medical Services,"6012 Upsal St, Pennsauken Township, NJ 08110",39.9591041,-75.0555097
Pennsauken Spine and Rehab Chiropractic,"4307 Westfield Ave,, Pennsauken Township, NJ 08110",39.9559559,-75.0700623
Peter  Froster,"1945 NJ-33, , Neptune City, NJ 07753",40.2080848,-74.0416917
Peter Pryzbylkowski,"3100 Hingston Ave.,, Ste. 104, Egg Harbor, NJ 08234",39.3903883,-74.5594668
Pharos Monitoring Associates,"55 Madison Ave  Suite 400, Morristown, NJ 07960",40.7876504,-74.4677709
Pheonix Toxicology & Lab Services LLC,"2432 W Peoria Ave, Phoenix, AZ 85029",33.5826942,-112.1100497
"Philip Delli Santi, P.C Physical Therapy & Chiropractic Center","41 Wilson Avenue, #1C, Newark, NJ 07105",40.7268433,-74.1537144
Pleasantdale Ambulatory Care,"61 Main Street, D, West Orange, NJ 07052",40.778338,-74.2376226
Podiatry Center of New Jersey,"510 Hamburg Tpke,  Suite 108, Wayne, NJ 07470",40.953805,-74.2116629
Port Reading First Aid Squad,"916 West Ave, Port Reading, NJ 07064",40.5659856,-74.2520874
Precision Anesthesia Associates of NJ,"127 Grayson Drive, Bellemead, NJ 08502",40.4501632,-74.6315492
Premier Orthopedic Associates - Vineland,"298 S. Delsea Drive, Vineland, NJ 08360",39.482461,-75.0440876
Premier Spine & Sports Medicine,"140 Sylvan Avenue, Suite 108, Englewood Cliffs, NJ 06632",40.8698759,-73.957857
Pressman And Associates LLC,"1 Sheppard Rd, #703, Voorhees Township, NJ 08043",39.8614011,-74.9501962
"Princeton Brain , Spine & Sports Medicine","20 Terry Drive - 1547, Newtonw, PA 18940",40.2271884,-74.916374
Princeton Brain and Spine,"199 Mullica Hill Road, Mullica Hill, NJ 08062",39.7340428,-75.2076963
Princeton Radiology - Monroe,"9 Centre Dr, Monroe Township, NJ 08831",40.339926,-74.461908
Princeton Radiology Associates,"419 N. Harrison Street, Princeton, NJ 08540",40.367343,-74.6541917
Princeton Theological Seminary Student Counseling,"64 Mercer St, Princeton, NJ 08542",40.3452967,-74.6634722
"Pro Form Physical Therapy, P.C","1975  University Ave, Bronx, NY 10453",40.8544682,-73.9119325
Pro Staff Physical Therapy,"141 Rt 46, Rockaway, NJ 07866-4018",40.8932172,-74.5085191
"Progressive Hudson Anesthesia, LLC","61 Cornell Drive, Livingston, NJ 07039",40.7658973,-74.3052588
Progressive Spine & Orthopaedics,"440 Curry Avenue, Suite A, Englewood, NJ 07631",40.9087546,-73.9689451
Prometric Testing Center,"33-00 Broadway, Fair Lawn, N 07410",40.9246896,-74.1024814
Quantum Imaging & Therapeutic Associates,"629 Lowther Rd, Lewisberry, PA 17339",40.1687203,-76.8323633
RWJ Barnabas Health At Bayonne,"519 Broadway at 24th Street, Baynonne, NJ 07002",40.6645842,-74.117975
RWJ Health Network - Ambulance Service,"P.O. Box 949, Matawan, NJ 07747",40.4079832,-74.235709
RWJ UNIVERSITY HOSPITAL,"1 Robert Wood Johnson Pl, New Brunswick, nj 08901",40.4957464,-74.4496951
Radiology Associates Of Ridgewood,"20 Franklin Turnpike, Waldwick, NJ 07463",41.0089434,-74.1193163
Radius Global Solutions,"PO Box 390915, Minneapolis, MN 55439",44.8709601,-93.3741647
"Ragone, Daniel Dr.","901-B Route 73 N., Marlton, NJ 08053",39.9068932,-74.9392992
Rainbow Rehab LLC,"801 Route 73 N Ste G, Marlton, NJ 08053",39.9054832,-74.9389961
Rancocas Anesthesiology PA,"15000 Mid Atlantic Drive, Mount Laurel, NJ 08054",39.9606274,-74.9226597
Raul Shah,"700 Mullica Hill Road, Suite 150, Mullica Hill, NJ 0861",39.7157561,-75.151979
Raymond Ropiak,"131 Route 70, Suite 100, Medford, NJ 08055",39.9014849,-74.8462966
Rayus Radiology Woodbridge,"4001 Prince William Parkway, Suite 104, Woodbridge, VA 22192",38.6654424,-77.3315976
ReNu Medical & Injury Center,"1352 Marrows Road, Suite #202, Newark, DE 19711",39.6831908,-75.7308799
Reach Wellness,"1000 S Lenola Rd, Building 1, Suite #205, Maple Shade, NJ 08052",39.9461475,-74.9697875
Regenerative Spine and Pain Institute Plainsboro,"666 Plainsboro Road, Suite 1D, Plainsboro,, NJ 08536",40.3264734,-74.5771756
Regional Diagnostic Imaging,"1505 W Sherman Ave, Vineland, NJ 08360",39.4453422,-75.0582273
Regional Diagnostic Imaging  - Billing Office,"2527 Cranberry Highway, Wareham, MA 02571",41.7692404,-70.7329843
Regional Orthopaedic Professional Associates,"499 Cooper Landing Road, Cherry Hill, NJ 08002",39.9251909,-75.0153393
Relievus,"415 W Landis Ave, Suite 102, Vineland,, NJ 08360",39.4859773,-75.0277379
Relievus - Cherry Hill,"1400 Marlton Pike E, Cherry Hill, NJ 08034-2240",39.9112287,-74.993526
Relievus - Dr. Lee,"4307 Westfield Av., Pennsauken, NJ 08110",39.9559559,-75.0700623
Renae DiCristo,"318 Oakland Avenue, , Bellmawr, NJ 08031",39.8640179,-75.0676521
Richard Islinger,"710 Center Street, Somers Point, NJ 08244",39.3146034,-74.5955823
"Richard L. Nass M.D., F.A.C.S.","1113 York Ave, Ste 5C, New York, NY 10065",40.7599844,-73.9593805
Rickart Collection Systems,"575 Milltown Rd, Suite #2, North Brunswick Township, NJ 08902",40.4672228,-74.4525169
Ridgewood Emergency Services,"P.O. Box 207, Allentown, PA 18105",40.6,-75.47
Rio Grande Rescue Squad,"P.O. Box 406, 603 Maryland Avenue, Rio Grande, NJ 08242",39.0119357,-74.8663818
Riverside Urgent Care,"301 S Main Street, Vineland, NJ 08361",39.4804945,-75.0003103
Robert Greenleaf,"200 Bowman Drive, Suit E-100, Voorhees Township, NJ 08043",39.8416537,-74.9270074
Robert Pasahow,"3747 Church Road, , Mount Laurel, NJ 08054",39.9302988,-74.9747961
"Robert Pasahow, Ph.D, LLC","600 New Road, Northfield, NJ 08225",39.3790494,-74.5485605
Robert Sabo,"7 South Ohio Ave, Suite 1400, Atlantic City, NJ 08401",39.3592764,-74.4339685
Robert Wood Johnson In Rahway,"865 Stone St, Rahway, N 07065",40.6129663,-74.2911039
Rockland and Bergen Surgery Center,"1159 2nd Ave, Btwn 61st & 60th, Suite 230, New York, NY 10065",40.7618278,-73.9636891
"Ross Center For Orthopedics, LLC","300 Creek Crossing Blvd, Suite 307, Hainesport, NJ 08036",39.9752868,-74.8479521
Rothman Orthopedics,"1079 White Horse Mercerville Road, Hamilton, NJ 08610",40.2060639,-74.6928236
Rutgers Health - Robert Wood Johnson Medical School,"125 Paterson St, CAB 3100, New Brunswick, NJ 08901",40.4946256,-74.4494676
Rutgers Health Department Of Pain Management,"125 Paterson Street, Clinical Academic Building, Suite 5100, New Brunswick, NJ 0801",40.4946371,-74.4491929
Ryan Danowski,"1 Brace Road, Suit B, Cherry Hill, NJ 08034",39.9120707,-75.0094517
SAINT PETER’S UNIVERSITY HOSPITAL,"254 Easton Avenue, New Brunswick, NJ 08901",40.5009888,-74.4593195
SEPA Pain & Spine,"508 Prudential Road, Suite 500, Horsham, PA 19044",40.1701799,-75.1362193
SHORE ATLANTIC GERIATRICS LLC,"1740 Bayshore Rd, Villas, NJ 08251",39.0191472,-74.9355594
Sage Capital Recovery,"401 Minnetonka Road, Hi Nella, NJ 08083",39.8351404,-75.0180801
Saint Clare's Health,"66 Ford Road, Suite 220, Denville, NJ 07834",40.9113676,-74.4942664
Saint Peter's University Hospital,"Health Information Management  (HIM), 254 Easton Avenue, New Brunswick, NJ 08901",40.5009888,-74.4593195
Samantha Conte,"1120 Route 73, Suite 300, Mount Laura, NJ 08054",39.9253113,-74.9552012
Sarah O. Chima,"57 US-46, # 201, Hackettstown, NJ 07840",40.844305,-74.8135251
Scott M. Dorfner,"811 Sunset Road, Burlington, NJ 08016",40.0493149,-74.8706559
Seaview Orthopedic - Freehold,"222 Schanck Road, Suites 105 & 300, Freehold, NJ 07728",40.238127,-74.2879051
Sellari Chiropractic Center,"1594 US-130, North Brunswick Township, NJ 08902",40.4446765,-74.4677306
Sentara Alemarle Medical Center ER,"1144 N. Road Street, Elizabeth City, NC 27909",36.3234991,-76.2180367
Sentra Northern Virginia Medical Center,"2300 Opitz Blvd., Woodbridge, VA 22191",38.636778,-77.2856361
Shannon McCormick,"Sheriden Pavillion, 3 Cooper Plaza, Camden, NJ 08103",39.940866,-75.1141349
Shein Orthopaedics of NJ LLC,"PO Box 648, Milford, DE 19963",38.9126129,-75.4279748
Shein Orthopedics,"1250 Waters Place Tower 1, Ste 903, Bronx, NY 10461",40.8526693,-73.8389321
"Sherman Abrams Laboratory, INC","PO BOX 371863, PITTSBURGH, PA 15250-7863",40.44,-79.9599999
Shore Memorial Hospital,"1 E. New York Avenue, , Somers Point, NJ 08244",39.3147816,-74.5941073
"Shore Spine and Pain, LLC","1215 Route 70, Suite 1001, Lakewood, NJ 08701",40.0541988,-74.1810254
Sicklerville Chiropractic,"504 Sicklerville Road, Sicklerville, NJ 08081",39.720613,-74.9746904
Sora Yoon MD,"1051 w Sherman Ave, Bldg 2 Ste A, Vineland, NJ 08360",39.446336,-75.0484975
South Jersey Chest Diseases,"107 Vine St, Hammonton, NJ 08037",39.6350509,-74.8034731
South Jersey Musculoskeletal Institute,"556 Egg Harbor Road, Suite B, Sewell, NJ 08080",39.736015,-75.0635942
"South Jersey Orthopedic Associates, P.A.","502 Centennial Blvd, Suite 6, Voorhees, NJ 08043",39.8573779,-74.9469132
South Jersey Radiology,"315 Route 70 East, Cherry Hill, NJ 08034",39.912252,-75.0049339
South Jersey Radiology - Voorhees,"100 Carnie Blvd., Suite B5, Voorhees, NJ 08043",39.8634929,-74.9566974
South Jersey Radiology Associates,"158 Route 73 South, Voorhees, NJ 08043",39.889388,-74.9244534
South Jersey Spine & Rehab,"215 Sunset Rd, Suite 201, Willingboro, NJ 08046-1108",40.0489073,-74.8834235
Spinal Care,"2401 E Tioga St, , Philadelphia, PA 19134-4625",39.9913483,-75.0982442
Spinal Health And Rehab Center,"5045 NJ 38, Pennsauken, NJ 08109",39.9354726,-75.0683539
Spine & Joint Specialists of New Jersey,"1401 Marlton Pike East, Suite #14, Cherry Hill, NJ 08034",39.9101608,-74.9931108
"Spine Pain Rehab, LLC","701 White Horse Road, Suite 1, Voorhees, NJ 08043",39.8458678,-74.989984
SpineCare Delaware,"4102 Ogletown Stanton Road, Suite B, Newark, DE 19713",39.6850521,-75.6847383
Sprains Strains And Fractures LLC,"P.O. Box 168, Haddonfield, NJ 08033",39.8434082,-75.0706562
Springfield Family Chiropractic,"1 Pine Tree Lane, Jobstown, NJ 08041",40.021383,-74.7246623
St Joseph Hospital - South,"6901 Simmons Loop, Riverview, FL 33578",27.7876884,-82.3449368
St. Joseph's University Medical Center,"703 Main St, , Paterson, NJ 07503-2621",40.9019662,-74.1653868
St. Luke's University Health Network,"77 South Commerce Way, Suite 100, Bethlehem, PA 18017",40.6720386,-75.3814367
Stat Imaging,"1051 W Sherman Ave, Suite 2B, Vineland, NJ 08360",39.446182,-75.048514
Stat Imaging at Cherry Hill,"701 Route 38 East, Cherry Hill, NJ 08002",39.9359982,-75.0457365
Stat Imaging-Marlton,"100 Brick Rd, STE 101, Marlton, NJ 08053",39.8817951,-74.9203981
Stat Medical Imaging at Riverwinds,"204 Grove Ave, Suite F, Thorofare, NJ 08086",39.8509286,-75.1890561
Stephen Raphael,"2301 E. Evesham Road, Suite 307, Voorhees, NJ 08043",39.8612115,-74.9607879
Stephen S. Boyajian,"326 NJ-73, Voorhees, NJ 08043",39.8515633,-74.9210102
"Steven Dawkins, MD","535 North Central Ave, Hapeville, GA 30331",33.6577382,-84.4064712
Steven Horvitz,"110 Marter Ave, Suite 402, Moorestown, NJ 08057",39.9708406,-74.9201031
Steven Rogalski,"131 Bluebird Drive, 4C, Hllsborough, NJ 08844",40.5020984,-74.6614108
Strive Physical Therapy - Moorestown,"740 Marne Highway, Suite 203, Moorestown, NJ 08057",39.973143,-74.913058
Strive Physical Therapy - Vineland,"415 W Landis Ave, Ste 101A, Vineland, NJ 08360-8135",39.4858946,-75.0277554
"Strive Physical Therapy Specialists, LLC","P.O. Box 830004, Philadelphia, PA 19182",39.95,-75.16
Summit Health,"277 Forest Avenue, Suite 206, Paramus, NJ 07652",40.9354927,-74.0517933
Surgicore Surgical Center,"1159 2nd Avenue BTWN 61st & 60th Street, Suite 275, New York, NY 10065",40.7618278,-73.9636891
TMT Pharmacy/Advanced RX Pharmacy,"2020 Penrose Ave, Ste A, Phila, PA 19145",39.9119623,-75.18322
"Tariq S. Siddiqi M.D., F.A.C.S.","900 Sheppard Rd, Voorhees, NJ 08043",39.8613105,-74.9503644
Telegraph Corner Family Medicine,"3111 Telegraph Corner Ln, , Alexandria, VA 22310-2359",38.7926668,-77.0846638
"Terrence Curley, DO","7416 Buist Ave, Philadelphia, PA 19153",39.9104551,-75.2432401
The Foot And Ankle Group Pc,"1 Sheffield Dr, Suite 101, Columbus, NJ 08022",40.0722936,-74.738151
The Hackensack Meridian Health Alert Ambulance Service,"275-293 Green Street, Hackensack, NJ 07601",40.8690415,-74.0584102
The MediCentral LLC,"171 S Livingston Ave, Livingston, NJ 07039",40.7901965,-74.3126462
The Pharmacy at Bell Works,"101 Crawford Corner Road, 1116-C, Holmdel, NJ 07733-1977",40.3650877,-74.167457
The Valley Hospital,"4 Valley Health Plaza, Paramus, NJ 07652",40.9645657,-74.0711804
Thomas Jefferson Neurological Surgery Associates,"909 Walnut Street, Floor 2, Philadelphia, PA 19107",39.9485862,-75.1562267
TidaHealth TidaHealth,"PO Box 2498, Salisbury, MD 08053",38.3606736,-75.5993692
Timothy Salvatore,"511 Lakehurst Road, , Browns Mills, NJ 08015",39.9562998,-74.5591427
"Tobe, Edward H.","506 Garwood Drive, , Cherry Hill, NJ 08003",39.8746805,-74.9894362
Township Of Middle EMS,"33 Mechanic Street, Cape May Court House, NJ 08210",39.0829649,-74.8256716
Trinitas Regional Hospital,"225 Williamson St, Elizabeth, NJ 07202",40.6585683,-74.2142182
UPMC Neurology Institute,"2030 Thistle Hill Dr, Suite #202, Spring Grove, PA 17362",39.8830332,-76.8686281
Union County Emergency Services,"P.O. Box 863, Lewisville, NC 27023",36.0869844,-80.4437781
Unite Here Health,"711 North Commons Drive, Aurora, IL 60504",41.7697197,-88.2184789
United Surgical Group,"950 W. Chestnut Street, Suite 200, Union, NJ 07083",40.6925707,-74.2777647
University Hospital,"Medical Records Dept. Room B417, 150 Bergen Street, Newark, NJ 07103",40.7419589,-74.1905087
University Pain Medicine Center,"59 Veronica Avenue, Somerset, NJ 08873",40.4776028,-74.4982361
University Radiology,"2339  Route 70 West, First Floot, Cherry Hill, NJ 08002",39.9252034,-75.0512021
University Radiology at RWJBarnabas Health,"1 Robert Wood Johnson Place, New Brunswick, NJ 08091",40.4957464,-74.4496951
University Radiology-Cooper,"2339 Rte 70 W., Suite 100C, Cherry Hill Township, NJ 08002",39.925204,-75.0512021
Upper Deerfield Emergency Medical Services,"Physical Location, 10 Hoover Road, Seabrook, NJ 08302",39.4980064,-75.2142268
VCU Medical,"P.O. Box 100061, Atlanta, GA 30348-0061",33.7501275,-84.3885209
Vanessa  Hawkins,"651 High St, , Burlington, NJ 08016-2737",40.0705138,-74.854346
Victory Physical Therapy,"108 Swedesboro Road, #10, Mullica Hill, NJ 08062",39.7444823,-75.2252656
Vineland EMS,"640 E Wood St, #4, Vineland, NJ 08360",39.4875026,-75.0214909
Vineland Fire Department - EMS HEADQUARTERS,"76 HOWARD STREET, VINELAND, NJ, NJ 08360",39.4796499,-75.011778
Vipin K. Gupta MD,"2848 South Delsea Drive, Vineland, NJ 08360",39.4454875,-75.0432793
Virtua Foot And Ankle - Marlton at Ft. 73,"1001 NJ-73, Marlton, NJ 08053",39.9123944,-74.942706
Virtua Health & Wellness Center - Voorhees,"200 Bowman Dr, Voorhees Township, NJ 08043",39.8469306,-74.9270026
Virtua Health - Berlin,"100 Townsend Avenue, Berlin, NJ 08009",39.7813061,-74.9221028
Virtua Health Camden,"1000 Atlantic Ave, Camden, NJ 08104",39.9288062,-75.1082806
Virtua Health Willingboro,"218A Sunset Road, Willingboro, NJ 08046",40.0471259,-74.8810047
Virtua Mount Holly Hospital,"175 Madison Avenue, Mt. Holly, NJ 08060",39.9860013,-74.7948999
Virtua Patient Accounting,"2000 Crawford Place, Suite 100, Mt. Laurel, NJ 08054",39.9157517,-74.9513446
Virtua Physical Therapy & Rehabilitation,"1341 Fairview Avenue, Suite F, Delran, NJ 08075",40.0223314,-74.955948
Virtua Primary Care - Browns Mills,"130 Lakehurst Rd, , Pemberton Township, NJ 08015-6057",39.9674058,-74.5794302
Virtua Primary Care- Voorhees,"1605 Evesham Rd, Suite 1A, Voorhes, NJ 08043",39.8605195,-74.9764538
Virtua Primary Care-Moorestown,"401 Young Ave, Suite 260, Moorestown, NJ 08057",39.9709562,-74.9153381
Virtua Reconstructive Orthopedics,"63 Kresson Road, Suite 103, Cherry Hill, NJ 08054",39.8944914,-75.0201361
Virtua Vein & Vascular Institute,"1101 White Horse Road, Suite C, Voorhees, NJ 08043",39.8499919,-74.9855421
Virtua Voorhees Hospital,"100 Bowman Dr, , Voorhees Township, NJ 08043-9612",39.8421377,-74.9268454
Virtua Voorhees Hospital,"100 Bowman Drive, Voorhees, NJ 08043",39.8421377,-74.9268454
Voorhees Health and Wellness Center MRI,"200 Bowman Drive, Suite E200, Lobby E, 2nd Floor, Voorhees Township, NJ 08043",39.8469306,-74.9270026
Waisbren Medicine,"2004 BayShore Road, Villas, NJ 08251",39.0155947,-74.937476
Waterway Emergency Physicians,"P.O. Box 37735, Philadelphia, PA 19101",39.9522665,-75.1625181
Watts Plastic Surgery Association,"1051 W Sherman Avenue, Suite 2A, Vineland, NJ 08360",39.446336,-75.0484975
Wayne Radiology Center,"516 Hamburg Turnpike, Suite 6, Wayne, NJ 07470",40.9546021,-74.2137127
West Deptford Chiropractic,"297 Westwood Drive #192, West Deptford, NJ 08096",39.8274753,-75.1722084
"William Pavlou, MD","901 West Ashland Ave, Glenolden, PA 19036",39.9103745,-75.2974167
Winslow Township Emergency Medical Services,"NJ-73, Cedar BrooK, NJ 08018",39.7980443,-74.9272794
Woodbridge Township Ambulance and Rescue Squad,"77 Queen Road, Iselin, NJ 08830",40.5632565,-74.2977809
"Workers First Pharmacy Services, LLC","1 Presidential Blvd, 100, Bala Cynwyd, PA 19004",40.0100777,-75.211011
Xerxes Oshidar,"227 Madison Avenue, , Lumberton, NJ 08048",39.9836281,-74.7965337
"Yitzhak Lee, DO","5926 W Northwest Hwy, Dallas, TX 75225",32.865255,-96.8072577
Yola  G  Sara,"2201 Chapel Ave W, , Cherry Hill, NJ 08002",39.9273224,-75.0165764
Youssef Josephson DO,"196 Grove Avenue, Suite E, West Deptford, NJ 08086",39.8497849,-75.1896001
